"","ogrid_name","ogrid_cde","n_active_feestate","n_inactive_feestate","n_lowprod_feestate","sum_wells_feestate","sum_wells_100000","tot_plugcost_active_feestate","tot_plugcost_inactive_feestate","total_plugcost","plug_cost_lowprod"
"1","801 LLC",269267,4,0,4,4,4e+05,288428.428434984,0,288428.428434984,288428.428434984
"2","ABO EMPIRE, LLC",371762,0,2,2,2,2e+05,0,97907.1071087461,97907.1071087461,97907.1071087461
"3","ACOMA OIL CORP",184,2,1,1,3,3e+05,175068,78720,253788,78720
"4","ADVANCE ENERGY PARTNERS HAT MESA, LLC",372417,42,0,0,42,4200000,9196836,0,9196836,0
"5","ADVANCED WIRELESS COMMUNICATIONS, L.L.C.",371710,52,2,9,54,5400000,2843713.67771865,92699.1071087461,2936412.7848274,515599.53554373
"6","AGHORN OPERATING INC",184357,0,1,1,1,1e+05,0,142800,142800,142800
"7","ALTA MESA SERVICES, LP",295752,0,1,1,1,1e+05,0,216000,216000,216000
"8","AMEREDEV OPERATING, LLC",372224,9,0,0,9,9e+05,2006496,0,2006496,0
"9","AMERICO ENERGY RESOURCES LLC",228051,9,3,3,12,1200000,843408,339720,1183128,339720
"10","AMTEX ENERGY INC",785,4,0,0,4,4e+05,659880,0,659880,0
"11","APACHE CORPORATION",873,1596,234,385,1830,1.83e+08,117428578.066312,16688877.1051985,134117455.17151,27863341.4615909
"12","ARMSTRONG ENERGY CORP",1092,65,4,6,69,6900000,7979460,551280,8530740,791280
"13","ASCENT ENERGY, LLC.",325830,1,1,2,2,2e+05,138000,151440,289440,289440
"14","ASHER ENTERPRISES LTD. CO.",149538,1,1,1,2,2e+05,149100,164412,313512,164412
"15","ASPEN OPERATING COMPANY LLC",217598,2,2,2,4,4e+05,294180,315240,609420,315240
"16","AVRA OIL CO",1340,1,0,0,1,1e+05,145500,0,145500,0
"17","Abo Petroleum, LLC",330655,1,0,0,1,1e+05,72107.1071087461,0,72107.1071087461,0
"18","Acacia Operating Company, LLC",330522,7,4,11,11,1100000,486668.428434984,239459.107108746,726127.53554373,726127.53554373
"19","Alpha Energy Partners LLC",330859,1,0,0,1,1e+05,72107.1071087461,0,72107.1071087461,0
"20","Amalgamated Sludge NM, LLC",330984,31,0,0,31,3100000,3295631.10710875,0,3295631.10710875,0
"21","B2J, L.L.C.",270085,2,0,2,2,2e+05,109764,0,109764,109764
"22","BAM Permian Operating, LLC",328565,48,0,2,48,4800000,5390725.28530495,0,5390725.28530495,307332
"23","BAR V BARB LLC",371067,0,2,2,2,2e+05,0,144214.214217492,144214.214217492,144214.214217492
"24","BC & D OPERATING INC.",25670,1,0,0,1,1e+05,68232,0,68232,0
"25","BEACH EXPLORATION INC",1903,1,0,0,1,1e+05,163584,0,163584,0
"26","BENSON-MONTIN-GREER DRILLING CORP",2096,14,0,1,14,1400000,1020792.3924137,0,1020792.3924137,83400
"27","BLACK MOUNTAIN OPERATING LLC",371127,0,1,1,1,1e+05,0,56400,56400,56400
"28","BLACKBEARD OPERATING, LLC",370767,0,2,2,2,2e+05,0,96000,96000,96000
"29","BLACKWELL OPERATING LLC",371293,3,0,0,3,3e+05,127680,0,127680,0
"30","BLUE RUBY OPERATING, LLC",371553,0,8,8,8,8e+05,0,1106231.10710875,1106231.10710875,1106231.10710875
"31","BLUE SKY NM, INC.",300825,0,18,18,18,1800000,0,1261820.82084868,1261820.82084868,1261820.82084868
"32","BOBBY MCKAY DBA 5 A OIL COMPANY",215322,1,0,0,1,1e+05,52440,0,52440,0
"33","BOGE, INC.",292731,4,0,0,4,4e+05,425160,0,425160,0
"34","BOLACK MINERALS CO",2647,0,1,1,1,1e+05,0,7560,7560,7560
"35","BP AMERICA PRODUCTION COMPANY",778,0,3,3,3,3e+05,0,216321.321326238,216321.321326238,216321.321326238
"36","BRADLEY MCINROE DBA BIG AL OIL & GAS",193484,0,3,3,3,3e+05,0,151536,151536,151536
"37","BREITBURN OPERATING LP",370080,104,12,49,116,11600000,7032312,768948,7801260,2616036
"38","BRIDWELL OIL CO",2832,5,0,0,5,5e+05,482436,0,482436,0
"39","BTA OIL PRODUCERS, LLC",260297,86,1,4,87,8700000,10489824.7848274,151152,10640976.7848274,545688
"40","BUFFCO PRODUCTION, INC.",370841,0,1,1,1,1e+05,0,72107.1071087461,72107.1071087461,72107.1071087461
"41","BURGUNDY OIL & GAS OF N M INC",3044,56,0,17,56,5600000,3832287.85591486,0,3832287.85591486,1185526.60663119
"42","BXP Operating, LLC",329487,184,70,164,254,25400000,13087386.4265248,4844335.92795743,17931722.3544822,10646466.4265248
"43","Big Star Investments, LLC",331180,7,0,1,7,7e+05,616667.107108746,0,616667.107108746,59880
"44","Black Top Operating, LLC",331451,12,0,4,12,1200000,1483920,0,1483920,316800
"45","C&D MANAGEMENT COMPANY DBA FREEDOM VENTURES",231382,0,1,1,1,1e+05,0,72107.1071087461,72107.1071087461,72107.1071087461
"46","CAMBRIAN MANAGEMENT LTD",198688,1,5,5,6,6e+05,107700,629496,737196,629496
"47","CAMERON OIL & GAS INC",181109,42,1,19,43,4300000,2679459.96397871,45960,2725419.96397871,946762.214217492
"48","CANO PETRO OF NEW MEXICO, INC.",248802,0,126,126,126,12600000,0,5674392,5674392,5674392
"49","CANYON E & P COMPANY",269864,0,142,142,142,14200000,0,9418563.53172329,9418563.53172329,9418563.53172329
"50","CAPROCK EXPLORATION INC",3675,1,0,1,1,1e+05,72107.1071087461,0,72107.1071087461,72107.1071087461
"51","CAZA OPERATING, LLC",249099,29,2,3,31,3100000,4935671.10710875,298200,5233871.10710875,370307.107108746
"52","CCC OIL & GAS LLC",371956,0,2,2,2,2e+05,0,86940,86940,86940
"53","CFM OIL, LLC",280554,24,63,87,87,8700000,1730570.57060991,4300819.31941602,6031389.89002592,6031389.89002592
"54","CHAPARRAL OIL & GAS CO",4076,1,0,0,1,1e+05,27600,0,27600,0
"55","CHEVRON MIDCONTINENT, L.P.",241333,13,45,49,58,5800000,1200790.21421749,3377081.74976122,4577871.96397871,3626141.74976122
"56","CHEVRON U S A INC",4323,70,71,75,141,14100000,9824763.96397872,6464165.24928367,16288929.2132624,6786173.24928367
"57","CHI OPERATING INC",4378,19,1,6,20,2e+06,2220754.21421749,117600,2338354.21421749,577091.107108746
"58","CHISHOLM ENERGY OPERATING, LLC",372137,0,1,1,1,1e+05,0,134184,134184,134184
"59","CHISOS, LTD",215732,3,1,1,4,4e+05,288214.214217492,144000,432214.214217492,144000
"60","CHRISTMAS, LLC",258692,1,0,0,1,1e+05,40140,0,40140,0
"61","CIMAREX ENERGY CO.",215099,48,12,13,60,6e+06,9195900,1698264,10894164,1885344
"62","CIMAREX ENERGY CO. OF COLORADO",162683,89,45,49,134,13400000,13504747.5355437,4720307.49952244,18225055.0350662,5373083.49952244
"63","CITATION OIL & GAS CORP",4537,39,0,0,39,3900000,1943230.21421749,0,1943230.21421749,0
"64","CKG ENERGY, INC.",221076,0,8,8,8,8e+05,0,696000,696000,696000
"65","CML EXPLORATION, LLC",256512,32,0,4,32,3200000,3568824,0,3568824,412800
"66","COBALT OPERATING, LLC",286255,0,1,1,1,1e+05,0,72107.1071087461,72107.1071087461,72107.1071087461
"67","COG OPERATING LLC",229137,522,43,69,565,56500000,89756225.7497612,4555411.92795743,94311637.6777187,8055042.14217492
"68","COG PRODUCTION, LLC",217955,58,1,2,59,5900000,10002936,149520,10152456,284544
"69","COLEMAN OIL & GAS INC",4838,3,0,0,3,3e+05,133127.107108746,0,133127.107108746,0
"70","COLGATE OPERATING, LLC",371449,44,4,5,48,4800000,6418469.74976122,517259.107108746,6935728.85686997,655259.107108746
"71","CONOCOPHILLIPS COMPANY",217817,9,8,9,17,1700000,1175119.53554373,1030905.32132624,2206024.85686997,1103012.42843498
"72","CONTINENTAL RESOURCES, INC.",372548,1,0,0,1,1e+05,246948,0,246948,0
"73","CROSS TIMBERS ENERGY, LLC",298299,192,21,36,213,21300000,15517222.2824396,1909537.28530495,17426759.5677446,3203912.82084868
"74","CROWNQUEST OPERATING, LLC",213190,5,5,7,10,1e+06,598200,650400,1248600,890400
"75","Catena Resources Operating, LLC",328449,47,5,9,52,5200000,7191874.21421749,818628,8010502.21421749,1388880
"76","Contango Resources, LLC",330447,339,65,81,404,40400000,23230586.5706099,5803195.92795743,29033782.4985673,7209806.57060991
"77","Copper Ridge Resources, LLC",329772,4,1,5,5,5e+05,501467.107108746,144192,645659.107108746,645659.107108746
"78","Craft Operating NM LLC",373962,1,0,0,1,1e+05,50400,0,50400,0
"79","D.W.R. OIL PROPERTIES, INC.",328643,4,0,1,4,4e+05,351540,0,351540,96000
"80","DAVID H ARRINGTON OIL & GAS INC",5898,3,7,7,10,1e+06,247367.107108746,645036,892403.107108746,645036
"81","DAVID R. HINSON",260206,0,1,1,1,1e+05,0,19800,19800,19800
"82","DC ENERGY LLC",268370,0,2,2,2,2e+05,0,99168,99168,99168
"83","DELONG, LC",258950,0,1,1,1,1e+05,0,72107.1071087461,72107.1071087461,72107.1071087461
"84","DEVON ENERGY PRODUCTION COMPANY, LP",6137,302,41,48,343,34300000,54152117.7497612,5545484.42843498,59697602.1781962,6360965.74976122
"85","DGP ENERGY, LLC",372583,2,0,0,2,2e+05,469632,0,469632,0
"86","DIAMOND S ENERGY COMPANY",291444,7,0,0,7,7e+05,511140,0,511140,0
"87","DJR OPERATING, LLC",371838,17,1,1,18,1800000,1877686.21421749,69060,1946746.21421749,69060
"88","DKD Production, LLC",331286,2,0,0,2,2e+05,104208,0,104208,0
"89","DOMINION PRODUCTION COMPANY, LLC",291567,0,77,77,77,7700000,0,2863574.57060991,2863574.57060991,2863574.57060991
"90","DRIFTWOOD OIL, LLC",213843,5,0,3,5,5e+05,232235.107108746,0,232235.107108746,119484
"91","DUGAN PRODUCTION CORP",6515,151,6,16,157,15700000,6198405.10519853,124356,6322761.10519853,789699.963978715
"92","DWIGHT A TIPTON",6550,53,7,60,60,6e+06,3592650.92700232,451211.107108746,4043862.03411107,4043862.03411107
"93","Dakota Resources, Inc",5691,1,2,2,3,3e+05,127584,222000,349584,222000
"94","E G L RESOURCES INC",173413,4,0,4,4,4e+05,573720,0,573720,573720
"95","EASTLAND OIL CO",22767,11,1,8,12,1200000,727456.856869969,72107.1071087461,799563.963978715,495042.642652476
"96","EDWIN SMITH, LLC",243805,0,1,1,1,1e+05,0,23796,23796,23796
"97","EL RAN INC",7109,0,2,2,2,2e+05,0,216107.107108746,216107.107108746,216107.107108746
"98","ELMIRA T WELCH",7192,0,1,1,1,1e+05,0,27600,27600,27600
"99","ENCORE OPERATING LP",189951,0,1,1,1,1e+05,0,90000,90000,90000
"100","ENDEAVOR ENERGY RESOURCES, LP",190595,25,21,25,46,4600000,2683569.32132624,1694820,4378389.32132624,2147892
"101","ENDURA ENERGY LLC",215879,5,0,0,5,5e+05,399540,0,399540,0
"102","ENDURING RESOURCES, LLC",372286,194,1,3,195,19500000,12431789.9260472,42000,12473789.9260472,171707.107108746
"103","ENERDYNE, LLC",185239,0,12,12,12,1200000,0,541949.749761223,541949.749761223,541949.749761223
"104","ENERGEX, LLC",296260,1,0,0,1,1e+05,112800,0,112800,0
"105","ENERVEST OPERATING L.L.C.",143199,3,0,0,3,3e+05,216321.321326238,0,216321.321326238,0
"106","EOG RESOURCES INC",7377,689,29,60,718,71800000,127073981.641697,2919757.28530495,129993738.927002,6678639.46350116
"107","EOR OPERATING COMPANY",257420,5,9,13,14,1400000,276912,562848,839760,783780
"108","EPIC ENERGY, L.L.C.",372834,63,1,6,64,6400000,3999126.53458862,72107.1071087461,4071233.64169737,384535.53554373
"109","ERNMAR INVESTMENTS, INC.",269184,4,0,0,4,4e+05,309912,0,309912,0
"110","ETL HYDROCARBONS INC",7590,5,0,1,5,5e+05,434940,0,434940,87600
"111","Earthstone Operating, LLC",331165,74,17,31,91,9100000,11738925.3213262,1930928.42843498,13669853.7497612,3866696.42843498
"112","Empire New Mexico LLC",330679,340,26,43,366,36600000,18690307.4274799,1671606.64265248,20361914.0701324,2537547.96397871
"113","Energy Acumen LLC",373817,0,34,34,34,3400000,0,1958915.10710875,1958915.10710875,1958915.10710875
"114","Extex Operating Company",330423,225,12,42,237,23700000,20081787.4635012,1232592,21314379.4635012,4314056.42843498
"115","FAE II Operating LLC",329326,388,12,52,400,4e+07,20786905.0691772,609669.321326238,21396574.3905035,2683957.28530495
"116","FAITH TRADING, LLC",262196,3,0,1,3,3e+05,179100,0,179100,59412
"117","FASKEN OIL & RANCH LTD",151416,47,1,1,48,4800000,6150836.42843498,126000,6276836.42843498,126000
"118","FE-NM, LLC",331102,8,0,0,8,8e+05,728562.642652476,0,728562.642652476,0
"119","FI-RO CORP",7844,0,2,2,2,2e+05,0,73776,73776,73776
"120","FINLEY RESOURCES INC",180387,1,0,0,1,1e+05,76200,0,76200,0
"121","FLARE OIL INC",7899,0,3,3,3,3e+05,0,219814.214217492,219814.214217492,219814.214217492
"122","FORTY ACRES ENERGY, LLC",371416,125,5,23,130,1.3e+07,6413534.17819621,240180,6653714.17819621,1128624
"123","FOUNDATION ENERGY MANAGEMENT, LLC",370740,19,1,3,20,2e+06,2462520,142800,2605320,474156
"124","FREEDOM ENERGY LLC",236312,3,0,3,3,3e+05,216321.321326238,0,216321.321326238,216321.321326238
"125","FULFER OIL & CATTLE LLC",141402,36,15,23,51,5100000,2498873.24928367,814210.214217492,3313083.46350116,1352515.53554373
"126","Finaly Resources LLC",331515,15,0,6,15,1500000,1003350.64265248,0,1003350.64265248,443793.321326238
"127","Flat Top Operating, LLC",331536,2,1,1,3,3e+05,162516,45840,208356,45840
"128","Franklin Mountain Energy LLC",373910,6,0,0,6,6e+05,1394172,0,1394172,0
"129","G & G OIL AND GAS, LLC",272664,0,5,5,5,5e+05,0,604188,604188,604188
"130","G and C Operating, LLC",265378,151,1,128,152,15200000,9422137.96206849,124800,9546937.96206849,7939542.42652476
"131","GEORGE A DENTON",8807,0,1,1,1,1e+05,0,72107.1071087461,72107.1071087461,72107.1071087461
"132","GERALD F ROACH",8896,0,1,1,1,1e+05,0,24000,24000,24000
"133","GIANT OPERATING LLC",271769,0,3,3,3,3e+05,0,216321.321326238,216321.321326238,216321.321326238
"134","GRAND BANKS ENERGY CO",155471,9,2,6,11,1100000,1224312,310020,1534332,832428
"135","GREAT WESTERN DRILLING CO",9338,29,0,2,29,2900000,2114454.14217492,0,2114454.14217492,127307.107108746
"136","GULF EXPLORATION, L.L.C.",372439,1,0,0,1,1e+05,144000,0,144000,0
"137","GVC VENTURES",192951,1,0,1,1,1e+05,44100,0,44100,44100
"138","H L BROWN OPERATING, LLC",213179,2,0,0,2,2e+05,216720,0,216720,0
"139","HAL J RASMUSSEN OPER INC",9809,0,10,10,10,1e+06,0,701051.107108746,701051.107108746,701051.107108746
"140","HANSON OPERATING CO INC",9974,31,1,17,32,3200000,2146809.71373994,82620,2229429.71373994,1007247.07108746
"141","HARLOW ENTERPRISES LLC",246205,6,3,9,9,9e+05,432642.642652476,216321.321326238,648963.963978715,648963.963978715
"142","HARVARD PETROLEUM COMPANY, LLC",10155,41,3,9,44,4400000,3857628.3924137,304800,4162428.3924137,815627.107108746
"143","HIGH PLAINS PETROLEUM CORP",10459,0,1,1,1,1e+05,0,21000,21000,21000
"144","HILCORP ENERGY COMPANY",372171,2034,17,55,2051,205100000,139776761.038614,980597.749761223,140757358.788375,2962839.46350116
"145","HOLCOMB OIL & GAS INC",10605,20,0,1,20,2e+06,719158.214217492,0,719158.214217492,21600
"146","HPOC, LLC",246238,0,1,1,1,1e+05,0,67800,67800,67800
"147","HPPC, INC.",371698,10,1,7,11,1100000,680040,41100,721140,287700
"148","HUNT CIMARRON LIMITED PARTNERSHIP",164726,6,1,2,7,7e+05,691356,140448,831804,265944
"149","IACX Production LLC",329877,208,1,3,209,20900000,14551499.1753309,61920,14613419.1753309,222900
"150","IMPERIAL OIL PROPERTIES, INC.",212253,0,1,1,1,1e+05,0,36000,36000,36000
"151","J & J Investments, LLC",331241,6,0,6,6,6e+05,356400,0,356400,356400
"152","J & J SERVICE INC",11095,8,1,4,9,9e+05,1006571.10710875,126420,1132991.10710875,567576
"153","J R OIL, LTD. CO.",256073,176,19,47,195,19500000,14187059.8919361,1305176.42843498,15492236.3203711,3063653.74976122
"154","JACK HUFF",36472,2,1,1,3,3e+05,116867.107108746,45600,162467.107108746,45600
"155","JACK J. GRYNBERG",11492,0,4,4,4,4e+05,0,288428.428434984,288428.428434984,288428.428434984
"156","JALAPENO CORPORATION",26307,0,2,2,2,2e+05,0,50400,50400,50400
"157","JAY MANAGEMENT COMPANY, LLC",247692,29,15,19,44,4400000,3086436,1883508,4969944,2371164
"158","JICARILLA ENERGY CO",11859,0,1,1,1,1e+05,0,48000,48000,48000
"159","JIM PIERCE",99439,2,5,7,7,7e+05,144214.214217492,360535.53554373,504749.749761223,504749.749761223
"160","JKM ENERGY, LLC",163645,3,2,4,5,5e+05,288214.214217492,201707.107108746,489921.321326238,345921.321326238
"161","JM COX RESOURCES LP",230601,0,1,1,1,1e+05,0,75600,75600,75600
"162","JOINT RESOURCES COMPANY",372938,3,3,5,6,6e+05,187356,326856,514212,452004
"163","JPH OIL PRODUCERS DBA JIMMY P HODGE",12254,5,1,2,6,6e+05,552370.214217492,146628,698998.214217492,279024
"164","JR CONE OPERATING, LLC",371029,8,0,0,8,8e+05,680064,0,680064,0
"165","JUDAH OIL LLC",245872,6,2,3,8,8e+05,502628.428434984,144214.214217492,646842.642652476,216321.321326238
"166","K P KAUFFMAN COMPANY INC",228296,6,1,7,7,7e+05,562787.107108746,144324,707111.107108746,707111.107108746
"167","K&M RESOURCES LLC",330662,17,0,17,17,1700000,975879.963978715,0,975879.963978715,975879.963978715
"168","KAISER-FRANCIS OIL CO",12361,33,7,8,40,4e+06,5660468.42843498,1090654.21421749,6751122.64265248,1252654.21421749
"169","KEM Ventures, LP",328213,1,2,2,3,3e+05,60060,120360,180420,120360
"170","KERSEY & COMPANY",12576,1,3,4,4,4e+05,72107.1071087461,216321.321326238,288428.428434984,288428.428434984
"171","KEVIN O BUTLER & ASSOC INC",12627,8,3,9,11,1100000,376056,398244,774300,624396
"172","KEYSTONE EXPLORATION, LLC",278293,0,1,1,1,1e+05,0,102000,102000,102000
"173","KIMBELL OIL CO OF TEXAS",12683,2,1,1,3,3e+05,144214.214217492,72107.1071087461,216321.321326238,72107.1071087461
"174","KINNEY INCORPORATED",216330,2,0,0,2,2e+05,176208,0,176208,0
"175","L E JONES OPERATING INC",180930,11,3,7,14,1400000,1018200,288000,1306200,650400
"176","L&J OIL, LLC.",330517,2,0,2,2,2e+05,144214.214217492,0,144214.214217492,144214.214217492
"177","LEASE HOLDERS ACQUISITIONS, INCORPORATED",372878,0,11,11,11,1100000,0,1396500,1396500,1396500
"178","LEE M CRANE",13215,3,0,0,3,3e+05,104195.107108746,0,104195.107108746,0
"179","LEGACY RESERVES OPERATING, LP",240974,188,70,91,258,25800000,12745973.9260472,5164906.99904489,17910880.9250921,6905148.28434984
"180","LH Operating, LLC",329319,20,0,0,20,2e+06,1191244.85686997,0,1191244.85686997,0
"181","LINDENMUTH & ASSOCIATES INC",13343,1,3,3,4,4e+05,164460,135588,300048,135588
"182","LIVELY EXPLORATION CO",13377,1,0,0,1,1e+05,72107.1071087461,0,72107.1071087461,0
"183","LLANO DISPOSAL, L.L.C.",370661,0,1,1,1,1e+05,0,109200,109200,109200
"184","LLJ VENTURES, LLC DBA MARKER OIL & GAS",372279,3,46,46,49,4900000,216321.321326238,2871101.64169737,3087422.9630236,2871101.64169737
"185","LODESTONE OPERATING, INC.",249351,0,1,1,1,1e+05,0,140988,140988,140988
"186","LOGOS OPERATING, LLC",289408,118,3,6,121,12100000,8772531.85591486,216321.321326238,8988853.1772411,432642.642652476
"187","LONGFELLOW ENERGY, LP",372210,51,2,6,53,5300000,4343208,144214.214217492,4487422.21421749,377014.214217492
"188","LYNX OPERATING CO., INC.",175071,5,1,2,6,6e+05,607500,147900,755400,285972
"189","Lonestar Petroleum Services, LLC",331357,17,0,17,17,1700000,1225820.82084868,0,1225820.82084868,1225820.82084868
"190","M & M PRODUCTION & OPERATION",13673,0,1,1,1,1e+05,0,57072,57072,57072
"191","M E W ENTERPRISE",160190,38,0,21,38,3800000,2488022.57060991,0,2488022.57060991,1135538.17819621
"192","M&M ENERGY, LLC",294619,0,3,3,3,3e+05,0,225972,225972,225972
"193","M&M OIL, LLC",297512,13,0,13,13,1300000,974365.285304953,0,974365.285304953,974365.285304953
"194","MACK ENERGY CORP",13837,120,16,22,136,13600000,11309488.85687,1482959.10710875,12792447.9639787,2063889.32132624
"195","MAMMOTH EXPLORATION, LLC",372233,0,3,3,3,3e+05,0,288996,288996,288996
"196","MANANA GAS INC",13931,25,2,5,27,2700000,1204202.17819621,60120,1264322.17819621,134040
"197","MANZANO LLC",231429,13,0,3,13,1300000,1493580,0,1493580,360000
"198","MAR OIL & GAS CORP.",151228,20,4,21,24,2400000,1084087.53554373,207623.107108746,1291710.64265248,1152510.64265248
"199","MARALEX RESOURCES INC",13998,0,1,1,1,1e+05,0,72107.1071087461,72107.1071087461,72107.1071087461
"200","MARATHON OIL PERMIAN LLC",372098,157,14,20,171,17100000,27592445.7497612,1655660.42843498,29248106.1781962,2642708.42843498
"201","MARK L SHIDLER INC",14096,3,4,6,7,7e+05,365952,347148,713100,629688
"202","MARKS AND GARNER PRODUCTION LTD CO",14070,0,23,23,23,2300000,0,1676142.14217492,1676142.14217492,1676142.14217492
"203","MARSHALL & WINSTON INC",14187,13,1,2,14,1400000,2125547.10710875,200328,2325875.10710875,307128
"204","MATADOR PRODUCTION COMPANY",228937,259,19,28,278,27800000,43178633.2492837,1997045.74976122,45175678.9990449,3159999.96397871
"205","MAVERICK OPERATING, LLC",287160,3,0,3,3,3e+05,225707.107108746,0,225707.107108746,225707.107108746
"206","MCCAW ENTERPRISE LLC",290708,0,5,5,5,5e+05,0,360535.53554373,360535.53554373,360535.53554373
"207","MCDONNOLD OPERATING INC",14372,1,6,6,7,7e+05,72107.1071087461,432642.642652476,504749.749761223,432642.642652476
"208","MCGOWAN WORKING PARTNERS, INC",220397,21,1,4,22,2200000,1407792.3924137,72107.1071087461,1479899.49952245,276321.321326238
"209","MCKAY OIL CORP",14424,0,5,5,5,5e+05,0,287014.214217492,287014.214217492,287014.214217492
"210","ME-TEX OIL & GAS INC",14462,26,0,0,26,2600000,1833053.74976122,0,1833053.74976122,0
"211","MERRION OIL & GAS CORP",14634,30,0,0,30,3e+06,2078005.28530495,0,2078005.28530495,0
"212","MEWBOURNE OIL CO",14744,501,5,28,506,50600000,70757914.4985673,531684,71289598.4985673,2125172.42843498
"213","MGM OIL & GAS CO",14771,16,0,13,16,1600000,2172996,0,2172996,1739856
"214","MIDLAND OPERATING INC.",148981,28,8,21,36,3600000,2018998.99904489,549749.749761223,2568748.74880611,1487142.14217492
"215","MINEL INC",14948,1,0,0,1,1e+05,72107.1071087461,0,72107.1071087461,0
"216","MNA ENTERPRISES LTD CO",124768,3,1,4,4,4e+05,216321.321326238,72107.1071087461,288428.428434984,288428.428434984
"217","MOMENTUM OPERATING CO INC",196069,9,2,2,11,1100000,590688,122532,713220,122532
"218","MORGAN OPERATING, INC.",224367,7,0,0,7,7e+05,344376,0,344376,0
"219","MOSS PETROLEUM CO",15305,2,0,1,2,2e+05,293424,0,293424,146724
"220","MR NM Operating LLC",330506,9,0,0,9,9e+05,1085844,0,1085844,0
"221","MULLOY OPERATING, INC.",225942,23,0,3,23,2300000,2296164,0,2296164,148152
"222","Marlin Operating, LLC",331054,4,0,0,4,4e+05,752844,0,752844,0
"223","Maverick Permian LLC",331199,360,39,76,399,39900000,26393688.3924137,3187668,29581356.3924137,5744325.32132624
"224","Maximum Lease Service, Inc",330205,17,1,1,18,1800000,1116456.3924137,72107.1071087461,1188563.49952245,72107.1071087461
"225","MorningStar Operating LLC",330132,391,17,25,408,40800000,25408210.6748533,1302646.21421749,26710856.8890708,1894421.74976122
"226","Murchison Oil and Gas, LLC",15363,46,2,2,48,4800000,4491903.07108746,122820,4614723.07108746,122820
"227","Mustang Resources LLC",373495,6,1,2,7,7e+05,146808,20520,167328,37308
"228","N M & O OPERATING CO",15938,13,4,4,17,1700000,933711.071087461,281758.214217492,1215469.28530495,281758.214217492
"229","NANCY WILCOX E QUALLS",15501,0,4,4,4,4e+05,0,203014.214217492,203014.214217492,203014.214217492
"230","NBL PERMIAN LLC",372082,0,1,1,1,1e+05,0,105600,105600,105600
"231","NORDSTRAND ENGINEERING INC",230757,0,4,4,4,4e+05,0,192120,192120,192120
"232","NORTHERN PACIFIC OIL AND GAS INCORPORATED",330352,12,30,40,42,4200000,744071.107108746,1556100,2300171.10710875,2171664
"233","NOVO OIL & GAS NORTHERN DELAWARE, LLC",372920,1,0,1,1,1e+05,156000,0,156000,156000
"234","NOVY OIL & GAS, INC",162499,0,1,1,1,1e+05,0,119580,119580,119580
"235","Nitro Oil & Gas, LLC",330754,9,3,7,12,1200000,1133160,405900,1539060,887760
"236","North Fork Operating, LP",329399,80,2,3,82,8200000,5901621.71373994,247200,6148821.71373994,292800
"237","OASIS WATER SOLUTIONS LLC",310761,0,1,1,1,1e+05,0,129840,129840,129840
"238","OCCIDENTAL PERMIAN LTD",157984,268,81,83,349,34900000,15593639.1071087,4522799.10710875,20116438.2142175,4625639.10710875
"239","OIL & GAS OPERATIONS",127535,0,1,1,1,1e+05,0,93780,93780,93780
"240","OLEUM Energy LLC",329493,78,0,67,78,7800000,5019143.78387229,0,5019143.78387229,4575143.78387229
"241","ONSHORE ROYALTIES, LLC",311845,17,0,3,17,1700000,1274080.85686997,0,1274080.85686997,241691.107108746
"242","ORBRIE LUMAN",36712,1,0,1,1,1e+05,55560,0,55560,55560
"243","OSBORN HEIRS CO",16616,1,1,1,2,2e+05,152208,152352,304560,152352
"244","OXY USA INC",16696,194,90,111,284,28400000,30170318.5706099,8179106.17819621,38349424.7488061,11011723.9279574
"245","OXY USA WTP LIMITED PARTNERSHIP",192463,67,53,63,120,1.2e+07,10976718.6426525,5336595.96397871,16313314.6066312,6360731.49952244
"246","Opal Operating Company LLC",330887,97,1,3,98,9800000,12102165.3213262,153600,12255765.3213262,420000
"247","P-R-O MANAGEMENT INC",16788,1,0,0,1,1e+05,72107.1071087461,0,72107.1071087461,0
"248","PARRISH, H DWANE & RHONDA K",9759,1,6,7,7,7e+05,72107.1071087461,355628.428434984,427735.53554373,427735.53554373
"249","PENROC OIL CORP",17213,147,3,23,150,1.5e+07,10360113.2132624,163560,10523673.2132624,1687775.49952245
"250","PERMEX PETROLEUM COMPANY, LLC",372536,3,2,5,5,5e+05,105660,81731.1071087461,187391.107108746,187391.107108746
"251","PETRO MEX LLC",236452,1,4,4,5,5e+05,56400,273321.321326238,329721.321326238,273321.321326238
"252","PETROLIA ENERGY CORPORATION",371666,0,30,30,30,3e+06,0,1838249.24928367,1838249.24928367,1838249.24928367
"253","PHX Energy, LLC",373276,21,0,10,21,2100000,1091485.28530495,0,1091485.28530495,721071.071087461
"254","PIERCE PRODUCTION COMPANY, LLC",17733,3,0,2,3,3e+05,306096,0,306096,210096
"255","PLAINS RADIO PET CO",17820,1,0,1,1,1e+05,72107.1071087461,0,72107.1071087461,72107.1071087461
"256","POCO Resources LLC",373121,23,13,34,36,3600000,1616657.24928367,1002005.74976122,2618662.99904489,2474555.89193614
"257","PRE-ONGARD WELL OPERATOR",214263,0,7,7,7,7e+05,0,504749.749761223,504749.749761223,504749.749761223
"258","PREMIER OIL & GAS INC",17985,22,2,4,24,2400000,2273762.17819621,199200,2472962.17819621,343414.214217492
"259","PRIDE ENERGY COMPANY",151323,16,3,10,19,1900000,1773240,405648,2178888,1318836
"260","PRIMAL ENERGY CORPORATION",154303,0,10,10,10,1e+06,0,677525.749761223,677525.749761223,677525.749761223
"261","PRIME OPERATING CO",18099,4,2,2,6,6e+05,432288,247296,679584,247296
"262","PROVIDENCE ENERGY SERVS INC.-KELTON OP CORP",12444,24,2,2,26,2600000,1223539.53554373,91344,1314883.53554373,91344
"263","PUMPJAK OIL COMPANY, LLC",246069,0,2,2,2,2e+05,0,271824,271824,271824
"264","PURVIS OPERATING CO",131559,3,0,0,3,3e+05,414900,0,414900,0
"265","Permian Resources Operating, LLC",372165,73,6,6,79,7900000,15033624,1139688,16173312,1139688
"266","Permian Water Solutions, LLC",373626,0,4,4,4,4e+05,0,288428.428434984,288428.428434984,288428.428434984
"267","Petroleum Exploration Company Ltd., Limited P",374138,59,13,22,72,7200000,3573255.07108746,830769.321326238,4404024.3924137,1444099.53554373
"268","QUALITY TRANSPORT, INC.",262232,0,1,1,1,1e+05,0,145200,145200,145200
"269","QUATRO OSOS E&P, LLC",372241,62,1,61,63,6300000,4038169.5696548,72107.1071087461,4110276.67676354,4008169.5696548
"270","R & M Oil, LLC",331000,4,0,4,4,4e+05,248121.321326238,0,248121.321326238,248121.321326238
"271","RAM ENERGY LLC",309777,1,2,3,3,3e+05,127416,202200,329616,329616
"272","RAW OIL & GAS, INC.",371846,8,2,4,10,1e+06,718428,170640,889068,341124
"273","RAY A PIERCE",18833,2,0,2,2,2e+05,142284,0,142284,142284
"274","RAY WESTALL OPERATING, INC.",119305,27,0,19,27,2700000,1992423.46350116,0,1992423.46350116,1415566.60663119
"275","RAYBAW Operating, LLC",330220,53,4,4,57,5700000,6211434.64265248,422400,6633834.64265248,422400
"276","RAZ OIL AND GAS L.L.C.",370507,0,1,1,1,1e+05,0,151320,151320,151320
"277","READ & STEVENS INC",18917,26,2,4,28,2800000,2322198.64265248,222767.107108746,2544965.74976122,406367.107108746
"278","RED WILLOW PRODUCTION COMPANY",216282,0,1,1,1,1e+05,0,75708,75708,75708
"279","REDWOLF PRODUCTION INC",18973,1,1,1,2,2e+05,32940,15600,48540,15600
"280","REGINA OIL & GAS LLC",253499,1,0,0,1,1e+05,72107.1071087461,0,72107.1071087461,0
"281","RELIABLE PRODUCTION LLC",371618,21,3,4,24,2400000,837810.642652476,165214.214217492,1003024.85686997,201214.214217492
"282","RELIANCE ENERGY, INC.",149441,1,1,2,2,2e+05,146256,51000,197256,197256
"283","REMNANT OIL OPERATING, LLC",370922,81,42,122,123,12300000,4517042.9630236,3545092.85686997,8062135.81989357,7990028.71278483
"284","REMUDA OPERATING CO",19034,0,1,1,1,1e+05,0,49380,49380,49380
"285","RHOMBUS OPERATING CO LTD",19111,30,1,22,31,3100000,1899108,50400,1949508,1221600
"286","RIDGEWAY ARIZONA OIL CORP.",164557,24,219,230,243,24300000,1717608,11907768,13625376,12485460
"287","RILEY PERMIAN OPERATING COMPANY, LLC",372290,3,3,3,6,6e+05,374784,339096,713880,339096
"288","RIM OPERATING, INC.",372497,31,0,0,31,3100000,2131614.64265248,0,2131614.64265248,0
"289","RMR OPERATING, LLC",281085,0,1,1,1,1e+05,0,45600,45600,45600
"290","ROBERT H FORREST JR OIL LLC",19381,6,0,5,6,6e+05,469584,0,469584,408984
"291","ROBERT L BAYLESS PRODUCER LLC",150182,14,2,5,16,1600000,561910.214217492,167604,729514.214217492,346331.107108746
"292","ROBERTSON RESOURCES, INC",195670,14,1,5,15,1500000,1221815.10710875,94248,1316063.10710875,412596
"293","ROBERTSON-BRYCE MANAGEMENT, LLC",371452,1,0,0,1,1e+05,45600,0,45600,0
"294","ROBINSON OIL INC",37636,0,4,4,4,4e+05,0,260122.214217492,260122.214217492,260122.214217492
"295","ROCA OPERATING, INC.",152374,5,0,1,5,5e+05,643200,0,643200,120000
"296","ROCA PRODUCTION INC.",142624,0,10,10,10,1e+06,0,428520,428520,428520
"297","RODDY PRODUCTION CO INC",36845,3,0,0,3,3e+05,154079.107108746,0,154079.107108746,0
"298","ROGER SLAYTON DBA ESCUDILLA OIL COMPANY",228270,0,25,25,25,2500000,0,1802677.67771865,1802677.67771865,1802677.67771865
"299","ROVER OPERATING, LLC",371484,144,22,145,166,16600000,9437560.9250921,1476658.60663119,10914219.5317233,9748795.99617956
"300","RUBICON OIL & GAS, LLC",194266,29,4,4,33,3300000,2521949.74976122,549000,3070949.74976122,549000
"301","RUST OIL CORP",162106,1,0,0,1,1e+05,85200,0,85200,0
"302","RUTH OIL CO, LLC",260702,0,2,2,2,2e+05,0,162107.107108746,162107.107108746,162107.107108746
"303","Redwood Operating LLC",330211,61,20,21,81,8100000,3599601.32132624,946884,4546485.32132624,1008228
"304","Ring Energy, Inc",328599,23,15,16,38,3800000,3514188,2149248,5663436,2302848
"305","Roughhouse Operating, LLC",330608,51,0,7,51,5100000,4613218.10615364,0,4613218.10615364,835200
"306","S & D PARTNERSHIP",19914,0,1,1,1,1e+05,0,72107.1071087461,72107.1071087461,72107.1071087461
"307","SABA ENERGY OF TEXAS INC",34703,0,2,2,2,2e+05,0,206987.107108746,206987.107108746,206987.107108746
"308","SABRE OP INC",26460,2,0,0,2,2e+05,282000,0,282000,0
"309","SAHARA OPERATING CO",20077,18,3,15,21,2100000,1011828,162132,1173960,863016
"310","SAMUEL DALE HUGHES DBA HUGHES DRILLING CO.",181802,18,1,19,19,1900000,1172913.71373994,72107.1071087461,1245020.82084868,1245020.82084868
"311","SAN JUAN GAS CORPORATION",140786,0,1,1,1,1e+05,0,68400,68400,68400
"312","SAN JUAN RESOURCES, INC.",20208,21,0,1,21,2100000,1292481.32132624,0,1292481.32132624,72107.1071087461
"313","SANDERS OIL & GAS CO",20241,0,2,2,2,2e+05,0,105000,105000,105000
"314","SANDLOTT ENERGY (JACKIE BREWER DBA)",154329,34,0,34,34,3400000,2187598.99904489,0,2187598.99904489,2187598.99904489
"315","SAXET OIL CORPORATION",226927,4,3,4,7,7e+05,176460,133752,310212,178152
"316","SBKF, LLC",225437,75,0,73,75,7500000,5264376.17628599,0,5264376.17628599,5054376.17628599
"317","SCHALK DEVELOPMENT CO",20389,3,0,0,3,3e+05,216321.321326238,0,216321.321326238,0
"318","SCHMIDT PRODUCTION",150917,0,1,1,1,1e+05,0,55200,55200,55200
"319","SCO PERMIAN, LLC",330782,3,0,1,3,3e+05,258000,0,258000,73200
"320","SCOTT BRANSON",229856,0,1,1,1,1e+05,0,72107.1071087461,72107.1071087461,72107.1071087461
"321","SCOUT ENERGY MANAGEMENT LLC",330949,38,10,12,48,4800000,3344002.21421749,907344,4251346.21421749,1079640
"322","SDX RESOURCES INC",20451,1,0,1,1,1e+05,87360,0,87360,87360
"323","SEELY OIL CO",20497,10,1,5,11,1100000,930420,45000,975420,425160
"324","SEGURO OIL AND GAS, LLC",372066,8,3,11,11,1100000,540329.749761223,381707.107108746,922036.856869969,922036.856869969
"325","SELLERS&FULTON OIL LLC",371978,0,19,19,19,1900000,0,1520314.60663119,1520314.60663119,1520314.60663119
"326","SHINNERY OIL COMPANY, INC",20713,1,1,2,2,2e+05,72107.1071087461,60000,132107.107108746,132107.107108746
"327","SIANA OPERATING LLC",168687,0,7,7,7,7e+05,0,782832,782832,782832
"328","SIMCOE LLC",329736,424,1,9,425,42500000,28195338.562969,72107.1071087461,28267445.6700778,593514.642652476
"329","SLAYTON RESOURCES INC",196015,61,2,61,63,6300000,4378650.42652476,144214.214217492,4522864.64074226,4378650.42652476
"330","SLUDGE TREATING, LLC",305346,2,0,2,2,2e+05,112080,0,112080,112080
"331","SMC OIL & GAS, INC.",372823,12,0,0,12,1200000,887136,0,887136,0
"332","SMITH & MARRS INC",20989,0,7,7,7,7e+05,0,499800,499800,499800
"333","SNOW OIL & GAS INC",21013,6,2,6,8,8e+05,517075.53554373,144214.214217492,661289.749761223,517075.53554373
"334","SNOW OPERATING CO INC",139731,1,0,0,1,1e+05,72107.1071087461,0,72107.1071087461,0
"335","SOUTHWEST ROYALTIES INC",21355,713,2,24,715,71500000,55368312.4606358,258107.107108746,55626419.5677446,1923605.74976122
"336","SOUTHWESTERN INC",21386,0,3,3,3,3e+05,0,253114.214217492,253114.214217492,253114.214217492
"337","SPC RESOURCES, LLC",372262,13,2,2,15,1500000,1613973.32132624,213707.107108746,1827680.42843498,213707.107108746
"338","SPECIAL ENERGY CORP",138008,45,16,27,61,6100000,4360389.32132624,1480688.42843498,5841077.74976122,2472524.42843498
"339","SPENCE ENERGY CO",21448,0,2,2,2,2e+05,0,207528,207528,207528
"340","SPINDLETOP OIL & GAS CO.",212092,1,7,8,8,8e+05,142068,755950.214217492,898018.214217492,898018.214217492
"341","STEARNS",21566,3,2,4,5,5e+05,454860,195552,650412,496812
"342","STEPHENS & JOHNSON OP CO",19958,155,20,25,175,17500000,10172171.8919361,981856.856869969,11154028.7488061,1439125.28530495
"343","STEVENSON OIL COMPANY, INC.",258867,16,3,6,19,1900000,1268755.53554373,293652,1562407.53554373,609251.107108746
"344","STEWARD ENERGY II, LLC",371682,24,3,3,27,2700000,3405192,356400,3761592,356400
"345","STRATA PRODUCTION CO",21712,6,0,1,6,6e+05,571091.107108746,0,571091.107108746,108900
"346","SUMMIT RESOURCES MANAGEMENT LLC",37277,2,2,4,4,4e+05,191952,170987.107108746,362939.107108746,362939.107108746
"347","SUN RIVER ENERGY, INC.",245056,0,3,3,3,3e+05,0,66000,66000,66000
"348","SUNDOWN ENERGY LP",232611,21,3,15,24,2400000,1790988,366528,2157516,1383312
"349","SUNLIGHT EXPLORATION, INC.",220613,2,0,1,2,2e+05,285696,0,285696,142200
"350","Sabinal Energy Operating, LLC",328992,27,6,11,33,3300000,3097471.53554373,586762.214217492,3684233.74976122,970230.642652476
"351","Seattle's Best Consulting LLC",331290,1,0,0,1,1e+05,46200,0,46200,0
"352","Silverback Operating II, LLC",330968,254,4,68,258,25800000,20023019.5677446,362050.214217492,20385069.7819621,5025949.1772411
"353","Solis Partners, L.L.C.",330238,147,9,21,156,15600000,9756875.17533088,629056.856869969,10385932.0322008,1514707.92795743
"354","Southbound Gas Company",373483,6,1,1,7,7e+05,519972,86040,606012,86040
"355","Sozo Natural Resources LLC",329727,9,1,3,10,1e+06,658200,55200,713400,160164
"356","Spicewood Southwest Operating Company, LLC",329108,0,2,2,2,2e+05,0,294300,294300,294300
"357","Spur Energy Partners LLC",328947,992,18,44,1010,1.01e+08,76190259.2473734,1489701.32132624,77679960.5686997,3341963.49952244
"358","Stanolind Permian LLC",330539,18,0,0,18,1800000,2500968,0,2500968,0
"359","T.J.G. ENERGY CO LLC",276240,0,1,1,1,1e+05,0,72107.1071087461,72107.1071087461,72107.1071087461
"360","TANDEM ENERGY CORPORATION",236183,40,4,36,44,4400000,2661984.7848274,276621.321326238,2938606.10615364,2544646.10615364
"361","TAP ROCK OPERATING, LLC",372043,160,2,4,162,16200000,33956324.428435,236507.107108746,34192831.5355437,536326.214217492
"362","TARCO ENERGY, LC",279579,7,12,18,19,1900000,110795.107108746,603256.856869969,714051.963978715,707571.963978715
"363","TEMPO ENERGY INC",22223,0,1,1,1,1e+05,0,53628,53628,53628
"364","TEXLAND PETROLEUM-HOBBS, LLC",113315,27,4,4,31,3100000,2941344,454104,3395448,454104
"365","TEXON OIL COMPANY, INC.",149021,1,0,0,1,1e+05,107280,0,107280,0
"366","THE COLBORN COMPANY, INC.",240713,4,1,5,5,5e+05,200412,50772,251184,251184
"367","THOMAS AND RUBY PARKINSON TRUST",219023,4,0,0,4,4e+05,226104,0,226104,0
"368","THREE FORKS RESOURCES, LLC",258660,24,1,5,25,2500000,2188378.21421749,59700,2248078.21421749,363094.214217492
"369","TIMBERLINE OIL & GAS, LLC",275015,1,0,1,1,1e+05,159816,0,159816,159816
"370","TLT SWD, LLC",287481,0,4,4,4,4e+05,0,417600,417600,417600
"371","TRAVIS R. CRAWFORD",312351,0,1,1,1,1e+05,0,49200,49200,49200
"372","TRILOGY OPERATING INC",21602,5,0,1,5,5e+05,456000,0,456000,54000
"373","Tamaroa Operating, LLC",328666,4,0,0,4,4e+05,341412,0,341412,0
"374","Tascosa Energy Partners, L.L.C",329748,23,0,3,23,2300000,2099491.53554373,0,2099491.53554373,639744
"375","U.S. ENERGY DEVELOPMENT CORPORATION",372759,3,0,1,3,3e+05,422364,0,422364,164400
"376","UNIFIED OPERATING LLC",281652,0,1,1,1,1e+05,0,72107.1071087461,72107.1071087461,72107.1071087461
"377","UPLAND PRODUCTION COMPANY",305286,11,0,1,11,1100000,641844,0,641844,46680
"378","Unitex Oil & Gas, L.L.C.",373671,20,2,3,22,2200000,2144144.42843498,233400,2377544.42843498,339840
"379","V-F PETROLEUM INC",24010,58,4,8,62,6200000,7467394.21421749,501600,7968994.21421749,984564
"380","VINSON EXPLORATION, INC.",283489,0,1,1,1,1e+05,0,72107.1071087461,72107.1071087461,72107.1071087461
"381","VINTAGE DRILLING LLC",24164,23,1,2,24,2400000,1579966.60663119,25200,1605166.60663119,97307.1071087461
"382","W A MONCRIEF JR",24225,3,2,3,5,5e+05,378443.107108746,241667.107108746,620110.214217492,378203.107108746
"383","WAGNER OIL CO.",177888,4,1,1,5,5e+05,314026.214217492,72107.1071087461,386133.321326238,72107.1071087461
"384","WALSH & WATTS INC",24558,38,4,27,42,4200000,3392521.28530495,292678.214217492,3685199.49952244,1827818.17819621
"385","WESPAC ENERGY, LLC",260245,0,4,4,4,4e+05,0,426600,426600,426600
"386","WEST LARGO CORP",37197,5,0,0,5,5e+05,131916,0,131916,0
"387","WESTERN OIL & MINERALS LTD",24942,1,0,0,1,1e+05,72107.1071087461,0,72107.1071087461,0
"388","WHITE ROCK OIL & GAS, LLC",370364,3,0,1,3,3e+05,290160,0,290160,93960
"389","WILDCAT ENERGY LLC",209564,0,5,5,5,5e+05,0,462825.321326238,462825.321326238,462825.321326238
"390","WILLIAM J SWEATT TRUST B",328228,0,1,1,1,1e+05,0,72107.1071087461,72107.1071087461,72107.1071087461
"391","WOO RESOURCES LLC",289424,0,1,1,1,1e+05,0,72107.1071087461,72107.1071087461,72107.1071087461
"392","WPX Energy Permian, LLC",246289,45,7,10,52,5200000,5773015.53554373,866735.107108746,6639750.64265248,1196242.21421749
"393","WTG EXPLORATION INC",25454,1,0,0,1,1e+05,105816,0,105816,0
"394","Wapiti Operating, LLC",328741,834,8,35,842,84200000,26408482.2142175,208176,26616658.2142175,1045644
"395","Weaver Global Operating, LLC",331445,0,1,1,1,1e+05,0,71400,71400,71400
"396","Western Global Oil dba Western Global Oil Inc",328677,0,1,1,1,1e+05,0,72107.1071087461,72107.1071087461,72107.1071087461
"397","XERIC OIL & GAS CORP",25482,0,25,25,25,2500000,0,1627523.10710875,1627523.10710875,1627523.10710875
"398","XTO ENERGY, INC",5380,114,60,68,174,17400000,18761782.6066312,4050171.96397871,22811954.5706099,4630983.96397871
"399","XTO PERMIAN OPERATING LLC.",373075,47,14,21,61,6100000,6383001.32132624,1430816.42843498,7813817.74976122,2341951.53554373
"400","YARBROUGH OIL LP",25504,6,2,6,8,8e+05,330588,87000,417588,324468
"401","YATES ENERGY CORP",25542,3,4,4,7,7e+05,359184,288428.428434984,647612.428434984,288428.428434984
"402","YATES INDUSTRIES LLC",372658,2,2,2,4,4e+05,154907.107108746,144214.214217492,299121.321326238,144214.214217492
"403","ZACHARY OIL OPERATING CO",25593,7,1,1,8,8e+05,526259.107108746,50112,576371.107108746,50112
